{"stats":{"minecraft:killed":{"minecraft:fox":1,"minecraft:cow":2},"minecraft:mined":{"minecraft:sweet_berry_bush":2,"minecraft:flowering_azalea_leaves":1},"minecraft:picked_up":{"minecraft:beef":3,"minecraft:sweet_berries":4,"minecraft:leather":2,"wardrobe:fox_hide":1,"minecraft:egg":1},"minecraft:custom":{"minecraft:jump":78,"minecraft:time_since_rest":1950,"minecraft:damage_dealt":210,"minecraft:sprint_one_cm":8125,"minecraft:leave_game":2,"minecraft:play_time":1950,"minecraft:damage_taken":30,"minecraft:time_since_death":1950,"minecraft:walk_one_cm":4548,"minecraft:total_world_time":1950,"minecraft:mob_kills":3,"minecraft:fall_one_cm":1974,"minecraft:fly_one_cm":10573}},"DataVersion":3465}